eloss,hloss,eloss_t,hloss_t
0.25,7.6746799673296655,0.25,3.5173803135997597
0.5,20.242569421910552,0.75,72.979917723287471
0.0,0,0.75,72.979917723287471
0.0,0,0.75,72.979917723287471
0.0,0,0.75,72.979917723287471
0.0,0,0.75,72.979917723287471
0.0,0,0.75,72.979917723287471
0.0,0,0.75,72.979917723287471
0.0,0,0.75,72.979917723287471
0.0,0,0.75,72.979917723287471
